isbn13,title,authors,description,category,category_confidence,emotion,emotion_confidence,human_category_label,human_emotion_label
9780715629949,Euripides,Pantelis Michelakis,"Iphigenia at Aulis dramatises the myth of Iphigenia, the young virgin sacrificed by her father Agamemnon at the start of the expedition against Troy. Produced at the end of the Peloponnesian war, it explores the breakdown of social norms which turns Greeks against Greeks, men against women, and condemns young brides to death. Pantelis Michelakis examines the mythological, socio-political and institutional context, the main themes and major issues in modern criticism, and ends with an outline of performance history and reception.",Academia,0.2795593440532684,sadness,0.5471997598364451,,
,Sociology,Samuel König,,Academia,0.3568765521049499,neutral,0.6152959779972232,,
,Report of the Committee Appointed by the Prime Minister to Inquire Into the Position of Classics in the Educational System of the United Kingdom,Great Britain. Committee on Classics in the Education System of the United Kingdom,,Academia,0.9814482927322388,fear,0.4774067885648109,,
,A Handy Bibliographical Guide to the Study of the German Language and Literature for the Use of Students and Teachers of German,Karl Breul,,Academia,0.4441268146038055,neutral,0.8607260434949673,,
,"The New England Modern Language Association, an Historical Sketch",James Geddes,,Academia,0.9046629667282104,neutral,0.9202502779460864,,
,"Sociology, Race, and Ethnicity",Harry H. Bash,"Presenting an analysis of American assimilation theory Bash attempts to dissect the concept and what it has come to mean in the United States. After tracing the ""natural history"" of the assimilation notion and later its theoretical elaboration, he explores far more theoretical linkages by way of concept formation and theory construction in the area of racial and ethnic group relations.",Academia,0.3072192966938019,neutral,0.9342156337024476,,
9781040031773,Research and Publication Ethics,"Nimit Chowdhary, Sunayana, Monika Prakash","This book provides a comprehensive overview of research and publication ethics and guides young researchers on how to conduct ethical research and publish their work responsibly. It presents an understanding of ethical practices in research and how they apply to research and publication by examining the different ethical theories and their application. The book also discusses the different factors influencing ethical decision-making and probes into the ethical issues that can arise in the research process. It explores the different forms of scientific misconduct, such as data fabrication and falsification, plagiarism, and conflicts of interest, and provides strategies for ethical research. The book also details the impact of scientific misconduct on research and publication and the strategies for preventing and detecting misconduct. Aligning to the belief that promoting ethical research practices is essential for advancing science and society, this book will be helpful for young researchers, scholars, aspiring researchers, and academicians interested in ethical research practices in multiple disciplines.",Academia,0.9538586735725404,neutral,0.9193943447294316,,
9780792328155,Behavior and Its Causes,T.L. Smith,"The rise of cognitive science in the 1960s was widely heralded as a scientific revolution -- an interpretation that implied the decline and eventual death of behavioral psychology. Although many forms of behavioral psychology did indeed disappear, there was a striking exception: the program of operant psychology founded by B.F. Skinner. This program actually grew at a rapid pace during the `cognitive revolution' and shows no signs of fading away. What, then, is its place within psychology, and in particular, what is its relationship with cognitive psychology? This book attempts to answer that question. Distinguishing between operant psychology and the philosophy of radical behaviorism, it concludes that even though radical behaviorism may have been a failure, the operant program of research has been a success. Furthermore, operant psychology and cognitive psychology complement one another, each having its own domain within which it contributes something valuable to, but beyond the reach of, the other.",Academia,0.6996386647224426,fear,0.4510473010302576,,
9789371154383,Nurimal Computations,Mr. Rohit Manglik,"Numerical computation techniques are covered. Guides students to analyze algorithmic solutions, fostering expertise in computational mathematics through practical exercises and theoretical study.",Academia,0.8394231200218201,neutral,0.6251739949327458,,
,Chicorel Index to Poetry in Anthologies and Collections in Print,Marietta Chicorel,,Academia,0.3291695415973663,neutral,0.8459805381219224,,
9780309677707,Roundtable on Data Science Postsecondary Education,"National Academies of Sciences, Engineering, and Medicine, Division of Behavioral and Social Sciences and Education, Division on Engineering and Physical Sciences, Board on Science Education, Computer Science and Telecommunications Board, Committee on Applied and Theoretical Statistics, Board on Mathematical Sciences and Analytics","Established in December 2016, the National Academies of Sciences, Engineering, and Medicine's Roundtable on Data Science Postsecondary Education was charged with identifying the challenges of and highlighting best practices in postsecondary data science education. Convening quarterly for 3 years, representatives from academia, industry, and government gathered with other experts from across the nation to discuss various topics under this charge. The meetings centered on four central themes: foundations of data science; data science across the postsecondary curriculum; data science across society; and ethics and data science. This publication highlights the presentations and discussions of each meeting.",Academia,0.9958450794219972,neutral,0.6634275425835146,,
,Proceedings,American Society for Engineering Education,,Academia,0.6611452102661133,neutral,0.3960411416263475,,
9780553267600,Magician,Raymond E. Feist,"For use in schools and libraries only. Once he was an orphan called Pug, apprenticed to a sorcerer of the enchanted land of Midkemia. Then he was captured and enslaved by the Tsurani, a strange, warlike race of invaders from another world.There, in the exotic Empire of Kelewan, he earned a ne",Academia,0.6024322509765625,fear,0.7318834875070589,,
9780156260404,Diary Of Virginia Woolf Volume 5,Virginia Woolf,"Virginia Woolf was fifty-four on January 25, 1936, some three weeks after this final volume of her diary opens. Its last page was written four days before she drowned herself on March 28, 1941. Edited by Anne Olivier Bell, assisted by Andrew McNeillie; Index; maps.",Academia,0.3270519375801086,neutral,0.4158235551781748,,
9780198140818,Aristophanes' Peace,Aristophanes;S. Douglas Olson,"Aristophanes' Peace was performed at the City Dionysia in Athens in 421 BC as a decade-long war with Sparta seemed finally to be drawing to an end, and is one of only eleven extant plays by the greatest Old Comic poet. Olson's edition of the play, which replaces Platnauer's of 1969, is based on a complete new collation of the manuscripts, many of which have never been adequately reported before. The extensive commentary explores matters of all sorts, but it focuses in particular on therealities of day-to-day life in classical Athens and also examines the practical problems of staging. The substantial introduction includes essays on Aristophanes' early career, the politics of the Greek world in the late 420s, and the poet's theology.",Academia,0.2920757532119751,neutral,0.4987473680019332,,
9780618057078,The Origin of Consciousness in the Breakdown of the Bicameral Mind,Julian Jaynes,"At the heart of this classic, seminal book is Julian Jaynes's still-controversial thesis that human consciousness did not begin far back in animal evolution but instead is a learned process that came about only three thousand years ago and is still developing. The implications of this revolutionary scientific paradigm extend into virtually every aspect of our psychology, our history and culture, our religion -- and indeed our future.",Academia,0.4697237014770508,neutral,0.6266244877772493,,
,Political Science,,,Academia,0.5043284893035889,neutral,0.6826337400686177,,
,Journal of Theological Studies,,,Academia,0.4000326693058014,neutral,0.5383795260470022,,
,The History of Philosophy from Thales to Comte,"George Henry Lewes, Lewes",,Academia,0.5932268500328064,neutral,0.8347229404514519,,
,A.L.A. Catalog,American Library Association,,Academia,0.6228868365287781,neutral,0.609153842797989,,
,University Register,"Northwestern University (Evanston, Ill.)",,Academia,0.9874402284622192,neutral,0.967429958594414,,
,Indiana University Bulletin,,,Academia,0.9280088543891908,neutral,0.9264106525796224,,
9780898794298,"Children's Writer's and Illustrator's Market, 1991",Writer's Digest Books,This annual brings together the two key aspects of children's (from pre-schoolers through teenagers) publishing--the writing and the illustrating--in one handy volume of book publishing and magazine markets. Writers and illustrators will find helpful articles to help them market their work in this lucrative field.,Academia,0.2944343686103821,neutral,0.874476693772763,,
,The Change.gov Agenda,"Barack Hussein Obama II, Jr. Joseph Robinette Biden","The Change.gov Agenda is an engaging anthology that captures the essence of a pivotal moment in modern political history. Through a vivid array of speeches, essays, and policy proposals, this collection presents the evolving landscape of American politics at the brink of a transformative era. The works encapsulated in this volume reflect the diversity of styles and perspectives, encapsulating the energy and aspirations of a nation seeking renewal and progress. Among the standout pieces are those that deftly merge rhetorical flair with substantive policy insights, forging a tapestry of hope and change that transcends partisan lines. Penned by noted figures like Barack Hussein Obama II and Jr. Joseph Robinette Biden, the contributions breathe life into the anthology'Äôs core themes of unity, resilience, and forward-thinking governance. The authors draw upon their extensive experiences in public service to illuminate the nuances of political discourse, offering readers a nuanced look into the historical and cultural currents that shaped their visions. This collection aligns with the broader movements advocating for inclusive governance and social justice, and constitutes a vital reflection of the collective drive towards a more equitable society. The Change.gov Agenda is a must-read for those eager to explore the crossroads of politics and literature. It opens a window into the minds of influential leaders, inviting readers to engage with the complex, multifaceted issues that define our era. Its rich tapestry of voices offers an invaluable educational experience, fostering a deeper understanding of the dynamic dialogue that characterizes modern political thought. Through its diverse contributions, this anthology beckons readers to ponder the profound implications of change and the pathways toward a vibrant civic future.",Academia,0.5807725787162781,neutral,0.720193240659911,,
,Logos,,,Academia,0.5177686214447021,neutral,0.9715293820354156,,
9781439809525,"Probability, Statistics, and Reliability for Engineers and Scientists, Third Edition","Bilal M. Ayyub, Richard H. McCuen","In a technological society, virtually every engineer and scientist needs to be able to collect, analyze, interpret, and properly use vast arrays of data. This means acquiring a solid foundation in the methods of data analysis and synthesis. Understanding the theoretical aspects is important, but learning to properly apply the theory to real-world problems is essential. Probability, Statistics, and Reliability for Engineers and Scientists, Third Edition introduces the fundamentals of probability, statistics, reliability, and risk methods to engineers and scientists for the purposes of data and uncertainty analysis and modeling in support of decision making. The third edition of this bestselling text presents probability, statistics, reliability, and risk methods with an ideal balance of theory and applications. Clearly written and firmly focused on the practical use of these methods, it places increased emphasis on simulation, particularly as a modeling tool, applying it progressively with projects that continue in each chapter. This provides a measure of continuity and shows the broad use of simulation as a computational tool to inform decision making processes. This edition also features expanded discussions of the analysis of variance, including single- and two-factor analyses, and a thorough treatment of Monte Carlo simulation. The authors not only clearly establish the limitations, advantages, and disadvantages of each method, but also show that data analysis is a continuum rather than the isolated application of different methods. Like its predecessors, this book continues to serve its purpose well as both a textbook and a reference. Ultimately, readers will find the content of great value in problem solving and decision making, particularly in practical applications.",Academia,0.5681699514389038,neutral,0.9745708812120656,,
9781625424723,Probability and Statistics with Applications: A Problem Solving Text,"Leonard Asimow, Ph.D., ASA, Mark Maxwell, Ph.D., ASA","This text is listed on the Course of Reading for SOA Exam P. Probability and Statistics with Applications is an introductory textbook designed to make the subject accessible to college freshmen and sophomores concurrent with Calc II and III, with a prerequisite of just one smester of calculus. It is organized specifically to meet the needs of students who are preparing for the Society of Actuaries qualifying Examination P and Casualty Actuarial Society's new Exam S. Sample actuarial exam problems are integrated throughout the text along with an abundance of illustrative examples and 870 exercises. The book provides the content to serve as the primary text for a standard two-semester advanced undergraduate course in mathematical probability and statistics. 2nd Edition Highlights Expansion of statistics portion to cover CAS ST and all of the statistics portion of CAS SAbundance of examples and sample exam problems for both Exams SOA P and CAS SCombines best attributes of a solid text and an actuarial exam study manual in one volumeWidely used by college freshmen and sophomores to pass SOA Exam P early in their college careersMay be used concurrently with calculus coursesNew or rewritten sections cover topics such as discrete and continuous mixture distributions, non-homogeneous Poisson processes, conjugate pairs in Bayesian estimation, statistical sufficiency, non-parametric statistics, and other topics also relevant to SOA Exam C.",Academia,0.5255811214447021,neutral,0.9268163556692348,,
,The Athenaeum,,,Academia,0.9194695353507996,neutral,0.5117964643861935,,
,NASA SP.,,,Academia,0.3953363299369812,neutral,0.8405531512237913,,
9780439517584,My First Little Readers,Liza Charlesworth,"These adorable little books, written to correlate with Guided Reading Level B, are just right for beginning readers with just a little experience! The simple, predictable stories on favorite topics such as animals, school, and ice cream include high frequency words, rhyming, repetition, and supportive illustrations that give new emergent readers the help they need to get a great start in reading! For use with Grades K-2.",Academia,0.9954875111579896,neutral,0.5517073818775362,,
,The Legacy of Barack Obama,"Barack Obama, White House, U.S. Government","The Legacy of Barack Obama offers a profound examination of the multifaceted impact of Barack Obama's presidency through a collection of insightful essays and reflections. This anthology delves into overarching themes of hope, change, and progress, capturing the essence of a transformative era in American politics. Through a rich tapestry of literary styles, from analytical essays to personal reflections, the collection provides a comprehensive exploration of Obama's legacy. It thoughtfully illuminates the diverse perspectives on his policies and leadership, while standout pieces highlight pivotal moments and influential policies that defined his time in office. This collection is curated by contributors with a wealth of experience and insights garnered from direct involvement in, or close observation of, the Obama administration. The authors, including members from the White House and various government entities, bring forth their unique experiences and perspectives, contributing to a broader understanding of the sociopolitical climate that characterized Obama's years in office. The assembled voices reflect a cross-section of academic, political, and cultural discourse, offering a multilayered narrative that aligns with contemporary discussions on leadership, race, and democracy. Recommended for scholars, students, and anyone with an interest in political history and leadership, The Legacy of Barack Obama presents a rare opportunity to explore the multifaceted dimensions of a presidency that reshaped America. This anthology invites readers to engage with a diverse range of thought-provoking insights that foster dialogue and deeper understanding. Its educational value is underscored by the breadth of perspectives, making it an essential resource for those seeking to comprehend the nuanced legacy of one of the 21st century's pivotal leaders.",Academia,0.4905439913272857,neutral,0.6231453779605783,,
,The Cyclopedia of American Biography,"James Edward Homans, Herbert M. Linen, L. E. Dearborn",,Academia,0.3536357581615448,neutral,0.9156719640804168,,
9780199999583,Music Theory through Musical Theatre,John Franceschina,"Music Theory through Musical Theatre provides a way of teaching music theory by way of musical theatre. Not simply a traditional music theory text, the book tackles the theoretical foundations of musical theatre and musical theatre literature with an emphasis on preparing students for a professional career.",Academia,0.408770352602005,joy,0.4669566596913942,,
9780226319025,Music Theory and the Exploration of the Past,"Christopher Hatch, David W. Bernstein","In recent decades, increased specialization has sharply separated music theory from historical musicology. Music Theory and the Exploration of the Past brings together a group of essays—written by theorists and musicologists—that seek to bridge this gap. This collection shows that music theory can join forces with historical musicology to produce a more humanistic form of musical scholarship. In nineteen essays dealing with musical theories from the twelfth to the twentieth century, two recurring themes emerge. One is the need to understand the historical circumstances of the writing and reception of theory, a humanistic approach that gives theory a place within social and intellectual history. The other is the advantages of applying contemporaneous theory to the music of a given period, thus linking theory to the history of musical styles and structures. The periods given principal attention in these essays are the Renaissance, the years around 1800, and the twentieth century. Abundantly illustrated with musical examples, Music Theory and the Exploration of the Past offers models of new practical applications of theory to the analysis of music. At the same time, it raises the broader question of how historical knowledge can deepen the understanding of an art and of systematic writings about that art.",Academia,0.4123057723045349,neutral,0.9071544815805748,,
9781544358659,Social Problems,"Maxine P. Atkinson, Kathleen Odell Korgen, Mary Nell Trautner","As part of SAGE's ""Sociology in Action"" series, Sociology In Action: Social Problems will engage students in active learning in class, on their own, and in their local communities, as they explore a range of social problems and consider sociological solutions to issues facing society today. The text is ideal for instructors who want to rely less on lecturing and more on discussion, collaboration, self-directed investigation, observation, analysis, and reflection.",Academia,0.3986844420433044,neutral,0.5515028815938319,,
,Syllabus for the Study of Book Selection for Use in Connection with Library Service 271,Columbia University. School of Library Service,,Academia,0.7180137634277344,neutral,0.8927602022845572,,
,"Belfast library and society for promoting knowledge, Linen hall library. General catalogue. [With] Suppl. catal",George Smith,,Academia,0.9317080974578856,neutral,0.9202312088234816,,
9781400034710,Chronicle of a Death Foretold,Gabriel Garcia Marquez,"The Nobel laureate weaves a story of a fantastic wedding, the return of the bride to her parents, her brothers' resolve to murder her corruptor, and the townspeoples' refusal to depart from routine.",Fiction,0.9955539107322692,joy,0.6417801035666818,,
9780553233506,Slim Down Camp,Stephen Manes,"Sent to a summer camp for overweight children, a boy and girl rebel against the camp's authorities and discover their own effective method of losing weight.",Fiction,0.5660663843154907,neutral,0.594706721081815,,
,Searching for Faith (A Carissa Jones Crime Thriller) A psychological thriller,"K.L. Middleton, Kristen Middleton, Cassie Alexandra","SALE - SPECIAL PRICING WON'T LAST! A spine-tingling, edge-of-your-seat thriller by NY Times Bestselling Author, Kristen Middleton. Readers: ""What would you do if your mind was broken? Carissa is psychic and is seeing visions of a child in danger. She goes above and beyond what many people would do. Great book! I finished it in one day because I couldn't put it down."" - Amazon reviewer ""I love mystery's and this was a great nail bitter . When children are involved it's hard to put down . There were twists and turns that I didn't see coming ! Great characters and good blot ! I'll be looking for more by Kristen Middleton!"" - Amazon reviewer A missing child. A gifted psychic. A serial killer who preys on the innocent. When a seven-year-old girl goes missing near Two Harbors, Minnesota, psychic Carissa Jones offers to help locate her. Desperate to find the child, and with no real leads, the local authorities agree to pull her into the case. This is book one in The Missing series. Each story will focus on Carissa Jones and her involvement in each case. keywords: crime thriller, psychological thriller, serial killer,child abduction cases, psychic sleuth, paranormal mystery, crime series, serial killer series, detective novels, abduction crime thriller, adventure, who-done-it mystery, Keywords: crime mystery, police procedural, female detective mystery, mysteries, thrillers, suspense thriller, cozy mysteries, Ponzi scheme, New York Times bestselling mystery series, Jennifer McMahon, Marc Cameron, Brad Thor, dementia, alzheimers, heist, kidnapping, blood diamonds, money laundering, forensic accountant, forensic accounting, fraud, white collar crime, crime, female sleuth, private investigators, cartels, wall street, financial thriller, international mystery thriller, suspense thriller, legal thriller, hard-boiled, suspense, new world order thriller, bilderberg, melissa f. miller, patricia mclinn, denise grover swank, veronica mars, rob thomas, conspiracy, mystery, cozy mysteries, the girl on the train, gone girl, cozy mystery books, cozy murder mysteries, cozies, private detective, women sleuths, boots, ebooks, vigilante justice, revenge, accounting, finance, gone girl, robert brynzda, jenny blackhurst, ann rule, daniel silva, iris johansen, david rosenfeldt, roger stelljes, dennis lehane, tanya anne crosby, Gillian Flynn, Colleen, Cross, Greg Iles, James Patterson, bookshots, tess gerritsen, joy fielding, sandra brown, girl on the train, paula hawkins, suspense, women's murder club, Michael Connelly, John Grisham, Karin Slaughter, Diane Capri, Lisa Jackson, David Baldacci, J A Jance, cj box, david baldacci, john sandford, stuart woods, jeffrey deaver, estelle ryan, michael palmer, joanne fluke, iris johansen, stig larson, stig larsson, jo nesbo, john lescroart, jessica knoll, brad thor, vince flynn, scott turow, louise penny, charlaine harris, patrica cornwell, Tess Gerritsen, Lisa Scottoline, Kathy Reichs, Lee Child, Harlan Coben, Aaron Patterson, Lisa Jackson, Heather Graham, Ryan Casey, Sean Black, sue grafton, kendra elliot, melinda leigh, nelson demille, michael wallace, john sandford, j d robb, nora roberts, david morell, mary higgins clark, lee child, charlaine harris, louise penny, scott turow, bestsellers, best sellers, finance, mystery books, auditing, money, legal thriller, crime thrillers, forensics, whistleblower, due diligence, hard-boiled, police procedural, suspense, traditional british, women sleuths, true crime, romantic suspense, cozy mystery, strong female leads, technological thriller, medical thriller, cj lyons, elizabeth george, mystery thriller, series, noir, hard-boiled, mysteries, action adventure, suspense books, crime books, thriller books, noir, traditional british, mysteries, thrillers, action, adventure, mysteries, thriller stories to keep you up all night, best mystery books, best mystery novels, mystery author, mystery series, mystery books, mystery novels, mystery novels 2014, sweet cozy mysteries, sweet cozy mystery, murder mystery, murder mysteries, best crime novels, crime fiction, crime thrillers, krimi, bestselling mystery books, fraud audit, whistle blower, whodunit, mystery, action adventure, avalanche, bestselling mysteries, bestselling thrillers, vancouver, british columbia, sunshine coast, cosy, cosies, best sellers, the lake house, 007, detective stories Keywords: mystery, mysteries, thrillers, cozy mysteries, Ponzi scheme, dementia, alzheimers, heist, kidnapping, blood diamonds, money laundering, forensic accountant, forensic accounting, fraud, white collar crime, crime, female sleuth, private investigators, cartels, wall street, financial thriller, international mystery thriller, new world order thriller, bilderberg, conspiracy, mystery, cozy mysteries, cozy mystery books, cozy murder mysteries, cozies, private detective, women sleuths, boots, ebooks, vigilante justice, revenge, accounting, finance, gone girl, Gillian Flynn, Colleen, cross, Greg Iles, James Patterson, joy fielding, sandra brown, girl on the train, paula hawkins, women's murder club, Michael Connelly, John Grisham, Karin Slaughter, Diane Capri, Lisa Jackson, David Baldacci, J A Jance, cj box, david baldacci, john sandford, stuart woods, jeffrey deaver, estelle ryan, michael palmer, joanne fluke, iris johansen, stig larson, stig larsson, jo nesbo, john lescroart, jessica knoll, brad thor, vince flynn, scott turow, louise penny, charlaine harris, patrica cornwell, Tess Gerritsen, Lisa Scottoline, Kathy Reichs, Lee Child, Harlan Coben, Aaron Patterson, Lisa Jackson, Heather Graham, Ryan Casey, Sean Black, sue grafton, kendra elliot, melinda leigh, nelson demille, michael wallace, john sandford, j d robb, nora roberts, david morell, mary higgins clark, lee child, charlaine harris, louise penny, scott turow, bestsellers, best sellers, finance, mystery books, auditing, money, legal thriller, crime thrillers, forensics, whistleblower, due diligence, hard-boiled, police procedural, suspense, traditional british, women sleuths, true crime, romantic suspense, cozy mystery, strong female leads, technological thriller, medical thriller, cj lyons, elizabeth george, mystery thriller, series, noir, hard-boiled, mysteries, action adventure, suspense books, crime books, thriller books, noir, traditional british, mysteries, thrillers, action, adventure, mysteries, thriller stories to keep you up all night, best mystery books, best mystery novels, mystery author, mystery series, mystery books, mystery novels, mystery novels 2014, sweet cozy mysteries, sweet cozy mystery, murder mystery, murder mysteries, best crime novels, crime fiction, crime thrillers, krimi, bestselling mystery books, fraud audit, whistle blower, whodunit, mystery, action adventure, avalanche, bestselling mysteries, bestselling thrillers, vancouver, british columbia, sunshine coast, cosy, cosies, best sellers, the lake house, 007, detective stories, legal thriller, ebook, kindle, online books, suspense novels, novel, crime books, crime thriller books, fiction books, courtroom drama authors, jenny blackhurst, ann rule crime thriller, new thrillers, 2017 thrillers, crime and thriller books, crime thriller novels, english readers, romantic thriller books, lawyer romance books, latest thrillers, audio books thrillers, thriller ebooks, kindle classic, classic thrillers, recent thrillers, british thriller books, books crime thrillers, financial thrillers, lawyer romance novels, legal romance novels, thriller books pdf, christian thrillers, latest crime thrillers, ebooks in french, pulp thriller, crime thriller, crime books, crime thriller books, crime mystery books, suspense novels, thriller stories, mysterious novels, top crime books, new crime thriller books, new thrillers, 2017 thrillers, murder mystery writers, latest crime thriller books, crime and thriller books, good crime thriller books, crime writers, crime thriller novels, crime thriller books best sellers, top crime thriller books, suspense thriller novels, thriller story books, mystery crime books, crime books fiction, fiction crime books, latest thrillers, crime drama books, thriller story books in english, good thriller books for young adults, good crime mystery books, mystery and crime books, new thrillers, crime thriller authors, british thriller books, mystery authors best sellers, detective story books, good mystery book series, best selling crime thriller books, good books mystery suspense, crime detective books, romantic thriller books, good mystery authors, crime thriller writers, detective thriller movies, new mystery fiction, thriller crime books, crime novelists, crime mystery novels, books crime thrillers, suspense books to read, new suspense novels, detective mystery novels, fiction mystery authors, thriller ebooks, good suspense novels, crime thriller book series, thriller crime, best selling suspense novels, books crime, most popular detective novels, good mystery crime books, great mystery authors, detective thriller, mystery detective novels, crime mystery thriller books, thriller bestsellers, most popular crime books, top crime mystery books, mystery fiction authors, great detective books, bestsellers thrillers, top crime authors, new crime thrillers, mystery crime stories, suspense fiction books, crime mystery authors, crime detective novels, mystery fiction stories, crime authors, crime mystery, classic thrillers, best detective thrillers, british crime thrillers, john grisham, john grisham new book release date, new john grisham book release date, ebook john grisham, john grisham pdf, john grisham ebooks, john grisham books pdf, john grisham epub, john grisham books download, john grisham books, free, freebie, bestseller, bestselling",Fiction,0.999074935913086,fear,0.9829378570318852,,
9781737158417,"Crime Exploded, A Buck Taylor Novel",Chuck Morgan,"The excitement and celebration of Christmas morning is shattered when numerous explosions occur around the state of Colorado. With the evidence pointing towards multiple bombs and as the death toll rises, Colorado Bureau of Investigation agent Buck Taylor and his team are dispatched to several crime scenes. Sifting through the wreckage, it’s up to them to determine if these bombings are the work of a mad bomber, terrorists, or home-grown extremists and if they are personal or politically motivated. And more importantly, will there be more? Making their jobs harder is an overzealous FBI agent with a personal agenda, who has taken over the investigations and will stop at nothing to prove he is right, and the evidence is wrong. In the end, he will put the lives of Buck’s entire team in jeopardy as they follow the evidence towards several shocking conclusions.",Fiction,0.9994198083877563,fear,0.8299341588267132,,
9780553393613,Sycamore Row,John Grisham,"#1 NEW YORK TIMES BESTSELLER • John Grisham returns to the iconic setting of his first novel, A Time to Kill, as Jake Brigance finds himself embroiled in a controversial trial that exposes a tortured history of racial tension. “Welcome back, Jake. . . . [Brigance] is one of the most fully developed and engaging characters in all of Grisham’s novels.”—USA Today Seth Hubbard is a wealthy white man dying of lung cancer. He trusts no one. Before he hangs himself from a sycamore tree, Hubbard leaves a new, handwritten will. It is an act that drags his adult children, his black maid, and defense attorney Jake Brigance into a conflict as riveting and dramatic as the murder trial that made Brigance one of Ford County’s most notorious citizens, just three years earlier. The second will raises many more questions than it answers. Why would Hubbard leave nearly all of his fortune to his maid? Had chemotherapy and painkillers affected his ability to think clearly? And what does it all have to do with a piece of land once known as Sycamore Row? Look for all of John Grisham’s gripping Jake Brigance novels: A Time to Kill Sycamore Row A Time for Mercy",Fiction,0.9995507001876832,fear,0.8946936991885498,,
9780375700125,As She Climbed Across the Table,Jonathan Lethem,"Deeply in love with physicist Alice Coombs, professor Philip Engstrand becomes involved in Alice's research into the creation of ""Lack,"" a conscious void in the universe that swallows up things it fancies",Fiction,0.9965839385986328,neutral,0.3662115466622395,,
9780375829635,Young Warriors,Tamora Pierce;Josepha Sherman,Fifteen original short stories by various authors relate the exploits of teenage warriors who defeat their enemies with cunning and skill as they strive to fulfill their destinies. Reprint.,Fiction,0.9992384314537048,neutral,0.8988173968408106,,
9780765343116,Pet Peeve,Piers Anthony,"Unlikely Goblin hero Goody is instructed by the Good Magician Humfrey to find a suitable home for a foul-tempered bird, a quest that inadvertently triggers an invasion by an army of seemingly indestructible killer robots and forces Goody to enlist the aid of a host of supernatural denizens. Reprint.",Fiction,0.9992078542709352,neutral,0.7971051559076763,,
9780140299960,Budding Prospects,T. Coraghessan Boyle,"Felix is a quitter, with a poor track record behind him. Until the day the opportunity presents itself to make half a million dollars tax-free - by nurturing 390 acres of cannabis in the lonely hills of northern California.",Fiction,0.9986952543258668,sadness,0.7656344876703928,,
,The Ridpath Library of Universal Literature,John Clark Ridpath,,Fiction,0.7260209321975708,neutral,0.7552082652503268,,
9780618391103,The Maps of Tolkien's Middle-earth,Brian Sibley,"Includes four posters depicting Tolkien's world of Middle-Earth with maps from The Hobbit, Beleriand, and Numenor, accompanied by a manual describing the signicance of geographical evolution in the author's works.",Fiction,0.9994068145751952,neutral,0.9345985843110746,,
,The Little French Girl,Anne Douglas Sedgwick,"In ""The Little French Girl,"" Anne Douglas Sedgwick weaves a poignant narrative that explores themes of identity, belonging, and the complexities of cultural assimilation. Set against the backdrop of early 20th-century Europe, the novel employs a rich, lyrical prose characterized by vivid imagery and a deep emotional resonance. Sedgwick masterfully delves into the intricacies of the human experience, balancing the charm of her characters with the stark realities of their lives, thereby creating a compelling tapestry that reflects the conflicts inherent in navigating dual cultural identities. Anne Douglas Sedgwick, an American author and translator, was deeply influenced by her own multicultural background and experiences living in both England and France. Born into a literary family, her exposure to diverse cultures and languages significantly shaped her worldview, allowing her to craft authentic representations of her characters' struggles. Sedgwick's keen observations and empathetic understanding of human nature inform her writing, resulting in a nuanced depiction of the immigrant experience and the delicate balance between tradition and modernity. This captivating work is highly recommended for readers interested in literary fiction that transcends geographical boundaries and offers profound insights into the immigrant experience. Sedgwick'Äôs exploration of cultural clashes and personal transformation resonates with contemporary discussions surrounding identity and belonging, making ""The Little French Girl"" a timeless and invaluable addition to any literary collection.",Fiction,0.9992236495018004,joy,0.5716818616261796,,
9780446673785,One L,Scott Turow,"Newsweek calls him ""an extraordinarily canny and empathetic observer."" In bestseller after bestseller, Turow uses his background as a lawyer to create suspense fiction so authentic it reads with the hammering impact of fact. But before he became a worldwide sensation, Scott Turow wrote a book that is entirely true, the account of his own searing indoctrination into the field of law called ... The first year of law school is an intellectual and emotional ordeal so grueling that it ensures only the fittest survive. Now Scott Turow takes you inside the oldest and most prestigious law school in the country when he becomes a ""One L,"" as entering students are known at Harvard Law School. In a book that became a national bestseller, a law school primer, and a classic autobiography, he brings to life the fascinating, shocking reality of that first year. Provocative and riveting, One L reveals the experience directly from the combat zone: the humiliations, triumphs, hazings, betrayals, and challenges that will make him a lawyer-and forever change Turow's mind, test his principles, and expose his heart.",Fiction,0.9872303605079652,fear,0.7693568592435259,,
9781250064424,The Year's Best Science Fiction: Thirty-Second Annual Collection,Gardner Dozois,"""The thirty-six stories in this collection imaginatively take us far across the universe, into the very core of our beings, to the realm of the gods, and the moment just after now""--Page 4 of cover.",Fiction,0.9996653199195862,joy,0.5207541187684568,,
,God of the Sun,Kimberly Loth,"A delicious forbidden romantic fantasy adventure that will keep you guessing until the very last page... She’s running from a tyrant. He needs a princess. Together they face deadly consequences. A prince from the dark side shows up at my doorstep with one question. Will I be his bride? I have many, many reasons to say no. The prince comes from a land of barbarians. I will never again see the sun. It is a certain death sentence. At first, it seems that I have a choice. But I discover that if I say no, Thousands will die. All of those lives hang on my answer to that one simple question. Will I say yes or will I say no? Buy now! A heart-stopping, fast-paced, fantasy series that will leave you on the edge of your seat until the very last page. For Fans of: Elise Kova, Leia Stone, Lola Glass, Linsey Hall, Eva Chase, and CN Crawford Fans of the following books and series are known to enjoy this YA Romantic Fantasy series: A Quest of Heroes A Wrinkle In Time Angel Fall Shatter Me Grishaverse Dragons of Pern Queen of Nothing Court of thorn and Roses Sword of Shannara Torn A Ya Urban Fantasy Novel Magic Tree House Katmere Academy The Twilight Saga Elfstones of Shannara Harry Potter Magic of Recluce Dragonlance Chronicles The Ballad of Songbirds and Snakes Eclipse Rise of the Dragons Iron Fey Dragons of Winter Night Dragons of Eden Fallen After Darkness Falls Mocking Jay Game of Thrones Darkest Designs House of Night Shannara Chronicles The Mallorean The Hunger Games Eragon Assassin's Apprentice Selection Twilight Dragons Rioting New Moon Red Queen Mortal Instruments Dragons of Autumn Twilight Dragonsworn Vampire Journals Shattered A Ya Urban Fantasy Novel Crush The Elenium Alice in Zombieland Hush, Hush Ember in the Ashes Inheritance Cycle Dragons of Spring Dawning The Chronicles of Narnia Life and Death Breaking Dawn Hunger Games Catching Fire Cruel Prince Dragonriders of Pern The Belgariad Fans of the following authors are known to enjoy this YA Romantic Fantasy series: May Sage CS Johnson Krystal Shannan Skye McKinnon Aimee easterling Morgan Rice Tracy Wolff Cassandra Clare Shelby Mahurin Leigh Bardugo Holly Black Sabaa Tahir Kerri Maniscalco Brandon Sanderson Tahereh Mafi Julie Kagawa PC Cast Sarah J Maas Jennifer Armentrout GA Aiken Susan EE Michelle Hodkin Kiera Cass Lauren Kate Becca Fitzpatrick Gena Showalter Liani Taylor Victoria Aveyard Stephenie Meyer Suzanne Collins JRR Tolkien David Eddings Terry Brooks Glen G. Thater Daniel Arenson L.R.W. Lee Robin Hobb Peter V. Brett C.S. Lewis R.A. Salvatore Joe Abercrombie Morgan Rice Lindsay Buroker Anne McCaffrey Scott Sigler Christopher Paolini J. K. Rowling Taran Matharu Sherrilyn Kenyon Michael J. Sullivan Mark Lawrence Fritz Leiber Patrick Rothfuss Scott Lynch Brent Weeks Marion Zimmer Bradley R. Scott Bakker Robert Jordan Stephen Donaldson Keywords and Tags: Ebook, novel, young adult romance, young adult, ya, young adult fantasy, young adult fantasy romance, young adult novel, young adult ebook, sci-fi, royalty, prince, princess, war, other worlds, forbidden love, love, romance, first in series, series book, teenage, teens, teenage romance, teenage fantasy, sweet, sweet romance, clean, clean and wholesome, clean romance, clean and wholesome romance, fantasy, paranormal, fantasy romance, paranormal romance, new adult, na, new adult fantasy, new adult fantasy romance, new adult romance, battle, warriors, protectors, king, fantasy, dragon, young adult, epic, YA Fantasy Books, Epic Sagas, Free Young Adults Fantasy Books, Animals & Nature, Young Adult Bundle And Teen Bundle, Young Adults Books, Science Fiction Books, Popular Series, Young Adults Books, Young Adult Box Set, Paranormal Fantasy Books For Young Adults, Top Rated Books, Tricks, Fantasy Omnibus, Dinosaur Mania, Epic Turtle Tales, Epic of Gilgamesh, Spells & Charms, Epic Fantasy Books , Romance Books, Dragon Books, Wizards, Young Adults Romance Books, Paranormal Books, Fantasy Romance Books For Young Adults, Sci Fi Books, Omnibus Set, Omnibus Best Books For Kids, Essential Reads, Epic Fantasy, Giants, Books For Kids, Omnibus Bundle, Dragons Books, Dragons Of The Night, Young Adult Omnibus, Dragon Books, Series Starters, Fantasy Books For Young Adults, Young Adult Series , Druids, Adventure Books, Dragon Box Set, Top Rated Teen Fantasy Collection With Dragons And Shapeshifters, Fantasy Books For Adults, Dragon Books Kids, Young Adults Books, Books For Girls 12 Only, Audiobooks, Boys, Fantasy Bundle, Heroine, Dryads, Paranormal Fantasy Books For Young Adults, For Teenagers, Fantasy Box Sets, Sword And Sorcery, Dragonsdawn, Girls Omnibus, Books For Girls, Dragon Romance Free, Dragon Omnibus, Dragons Series, Fantasy Box Set, Fantasy Stories, Science Fiction Megapack, Dragon Series, Series Box Sets Fantasy, For Teenage Girls, Science Fiction And Fantasy Books, Adventure Books, Kids Books For Age 12 And Up, Ya Fantasy, Dragons Omnibus, Best Rated Omnibus Young Adult Dragon, Omnibus Collection, Boxed Set, Sci Fi, YA paranormal Romance, young adult paranormal romance Fantasy Books, Books To Read And Download, Young Adults Romance Books, Magical Adventures, Top Teens Dragon, Fairy Tales Box Set, book, romance book, free fantasy, novel, urban fantasy, urban fantasy romance, reverse harem, why choose, action, paranormal romance, werewolf, shifter romance, complete series, strong heroine, friends to lovers, slow burn romance, romance books to read and download, paranormal romance, fantasy romance, reverse harem romance, books set in Scotland, post-apocalyptic romance, shifter romance, bear shifters, steamy romance, shifters, alpha heroes, alpha shifters, damsel in distress, mythology, love story.",Fiction,0.9996204972267152,fear,0.7680585259843904,,
9780307781093,Hard-Boiled Wonderland and the End of the World,Haruki Murakami,"In this hyperkinetic and relentlessly inventive novel, Japan’s most popular (and controversial) fiction writer hurtles into the consciousness of the West. Hard-Boiled Wonderland and the End of the World draws readers into a narrative particle accelerator in which a split-brained data processor, a deranged scientist, his shockingly undemure granddaughter, Lauren Bacall, Bob Dylan, and various thugs, librarians, and subterranean monsters collide to dazzling effect. What emerges is simultaneously cooler than zero and unaffectedly affecting, a hilariously funny and deeply serious meditation on the nature and uses of the mind. From the Trade Paperback edition.",Fiction,0.9990174174308776,fear,0.59325587605995,,
9780486286563,Children's Christmas Stories and Poems,Candace Ward,"A shortened version of Dicken's ""A Christmas Carol"" is accompanied by Christmas stories, poems, and songs",Fiction,0.9976783990859984,neutral,0.794191197962059,,
9780752848266,The Next Accident,Lisa Gardner,"FBI Agent Pierce Quincy is haunted by his daughter's death in a drunk- driving accident. Pierce knew about his daughter's problem with alcohol, and about her loneliness. And so, he is sure, did the man who killed her. Rainie Conner is an ex-cop with a past overshadowed by violence. She was once involved with Pierce in a harrowing case that brought them together personally and professionally. Then he came to her rescue. Now it is time for her to help him. This killer is different. He has an insatiable hunger for revenge - and for fear. He isn't satisfied with taking his victims' lives, he wants to get inside their minds and strip them of every defence. And his target is Quincy's only surviving daughter. Rainie believes that only way to stop him is to put herself directly into the killer's murderous path and become - the next accident.",Fiction,0.9994655847549438,fear,0.9351259007106264,,
9780140139402,The Spectator Bird,Wallace Earle Stegner;Wallace Stegner,Retired literary agent Joe Allston passes through life as a spectator until he discovers the journals of a trip he took to his mother's birthplace years before.,Fiction,0.9989408254623412,neutral,0.7713050838720864,,
9780749311612,The Covenant,James Albert Michener,,Fiction,0.9944592714309692,neutral,0.8976671720194376,,
9780141180670,Pan,Knut Hamsun,"Hamsun’s portrait of a man rejecting the claims of bourgeois society for a Rousseauian embrace of Nature and Eros, in a remarkable new translation.",Fiction,0.9970627427101136,joy,0.6337640860134892,,
9781597221108,Undead and Unwed,MaryJanice Davidson,"A just-laid-off secretary has a really bad week when she dies and is then made Queen of the Undead. ""Chick lit meets vampire fiction in this creative, sophisticated, sexy, and wonderfully witty book.""--Catherine Spangler.",Fiction,0.99953693151474,joy,0.7169248201003604,,
9789958383076,Anđeli i demoni,"Dan Brown, Suzana Sesvečan",,Fiction,0.7782558798789978,fear,0.8604072250698438,,
9780425200452,Murder on the Orient Express,Agatha Christie,"On a three-day journey through the snowbound Balkan hills, Hercule Poirot must weed through an array of international suspects to find the passenger who murdered a gangster on the Orient Express.",Fiction,0.9992895126342772,fear,0.7692886222009001,,
,Three Tomorrows,John Charles Griffiths,,Fiction,0.9928786158561708,neutral,0.8664134196248068,,
,Inspirational Christian,"Ivan King, inspirational christian","Hear What the Critics are Saying Wow, very inspirational and powerful; everyone must read this book. Hell: A Place Without Hope, is by far one of the best Christian books to have come out in the last decade. A Must Read.” -Mary Jones – Valley Daily News “I give this book Five Stars All The Way! This book makes my list as one of the top reads in the Christian genre. Anyone of Faith will enjoy this book very much.” -Theresa Davis – Elite Media Group “Hell: A Place Without Hope a very powerful and thought provoking book. Every generation, young and old, should have to read this book. Ten Thumbs Up.” -Dave Baker – Book Bloggers of America “This was an excellent book; it was short, I ended up reading it in less than two hours; however, it has a very strong and positive message. Amazing Book!” -Lisa Cooper – Literary Times Inc. “This was a very powerful book; very solid message about the dangers of not giving your life to Christ. Highly Recommend.” -Emma Right – Writers United Group “I fell to my knees at the end and cried. This book reminded me why I became a born-again Christian. Powerful Message.” -Carl Mosner – Readers Cove Unlimited Editorial Review Hell: A Place Without Hope is a very spiritual and powerful book. Its messages are time tested and true. This book really made me think; but more importantly, it made me feel. If you are looking for a book that will move you to tears, then look no further than Hell: A Place Without Hope; a masterful book that will not only inspire you to become a better person, but will also teach you some of life’s greatest lessons. Inspirational Book! David T. Williams About the Book A young man spends a day in hell and comes back to tell us the story. Hell: A Place Without Hope, is a powerful book that sends a strong message. Every generation of young people should have to read this wonderful Christian book. This book is based on Real Life Experience, which I derived from a vision I had in the year 2005. (suspense books, suspense books free, suspense thriller books for free, suspense thriller novels free, suspense) [suspense books]",Fiction,0.9987784624099731,joy,0.6529387392846661,,
9780571202119,"Girl, Interrupted",James Mangold;Lisa Loomer;Anna Hamilton Phelan,"""Set in the changing world of the 1960s, the motion picture Girl Interrupted is the searing story of Susanna, a young woman who finds herself at a mental institution for troubled young women. Susanna's 'short rest', prescribed by a psychiatrist she had met just once, becomes a strange journey into Alice's Wonderland, as she spends nearly a year both struggling and flirting with the thin line between 'normal' and 'crazy'. Susanna soon realizes how hard it is to get out once she's been committed, and ultimately she has to choose between the world of those who belong on the inside - such as the seductive and dangerous Lisa - and those who can engage with the reality of the outside world."" ""This volume includes storyboards and a discussion by the film's director James Mangold about the film-making process by which this screenplay by James Mangold and Lisa Loomer and Anna Hamilton Phelan was transferred to the screen.""--BOOK JACKET.Title Summary field provided by Blackwell North America, Inc. All Rights Reserved",Fiction,0.945094645023346,fear,0.8106041619999509,,
9780440503064,Masks of the Illuminati,Robert Anton Wilson,Sir John Babcock discovers a secret international organization and seeks the help of Albert Einstein and James Joyce in exposing it,Fiction,0.99832946062088,neutral,0.5024221252590619,,
9780316005166,The 6th Target,"James Patterson, Maxine Paetro","When a horrifying attack leaves one of the Women's Murder Club struggling for her life, the others fight to keep a madman behind bars before anyone else is hurt. Lindsay Boxer and her new partner in the San Francisco police department are racing to stop a series of kidnappings that has electrified the city: children are being plucked off the streets together with their nannies, but the kidnappers aren't demanding ransom. Amid uncertainty and rising panic, Lindsay juggles the possibility of a new love with an unsolvable investigation, and the knowledge that one member of the club could be on the brink of death. And just when everything appears momentarily under control, the case takes a terrifying turn, putting an entire city in lethal danger. Lindsay must make a choice she never dreamed she'd face-with no certainty that either outcome has more than a prayer of success.",Fiction,0.999405026435852,fear,0.9956404381423604,,
9780829421224,Helena,Evelyn Waugh,"“In Helena, the play of words and the fireworks, the exquisite descriptions of landscapes, and even the finished portraits of the heroine, her husband, and her son, are always subordinate to the author's broad vision of the mixed anguish and hope with which the world of Constantine's time was filled.” —New York Herald Tribune “[Helena] may be read on two levels of appreciation: As bright entertainment, or as deceptively profound commentary. On both levels it's a superlatively well done book.” —Chicago Tribune Evelyn Waugh, author of the internationally acclaimed bestseller Brideshead Revisited and one of the greatest writers of the twentieth century, considered Helena to be perhaps his finest novel. Based on the life of St. Helena, mother of the Emperor Constantine and finder of the true cross, this spiritual adventure brings to life the political intrigues of ancient Rome and the early years of Christianity.",Fiction,0.9993544816970824,sadness,0.817212162725752,,
9780439959582.0,The Cobra King of Kathmandu,Philip Kerr,"In the third book of the bestselling *Children of the Lamp* series, djinn twins, John and Philippa Gaunt, are on the trail of another magical mystery. As they travel from New York to London to Nepal and India on a whirlwind adventure, the twins try to help their friend and fellow djinn, Buck, find out who murdered his friend using the venomous snakebite of the king cobra. All too soon, John and Philippa find themselves caught up in the lethal world of the Cult of the Nine Cobras, only to discover that they themselves are a target of the creepy cobra cult.",Fiction,0.5890289545059204,neutral,0.8367407835999453,,
9781862075948,The Collected Tales of Nikolai Gogol,Nikolaĭ Vasilʹevich Gogolʹ;Richard Pevear,"A new, annotated translation of Gogol's classic short fiction, destined to become the definitive edition",Fiction,0.99875807762146,joy,0.5586263741794938,,
9780743250412,The Master,Colm Toibin,"Nineteenth-century writer Henry James is heartbroken when his first play performs poorly in contrast to Oscar Wilde's The Importance of Being Earnest and struggles with subsequent doubts about his sexual identity, his decision not to marry, and his difficulties with emotional intimacy. Reprint. 75,000 first printing.",Fiction,0.9990792870521544,sadness,0.991887392056366,,
9780345422040,Tales of the Cthulhu Mythos,H. P. Lovecraft,"Presents a collection of stories based on H.P. Lovecraft's Cthulhu mythos, including stories by Lovecraft, Frank Belnap Long, Robert Bloch, Stephen King, and August Derleth",Fiction,0.9992981553077698,neutral,0.8408859836521988,,
9780439896184,The Case of the Kidnapped Candy,James Preller,"When the candy that Ms. Gleason was going to give to her class as a special Valentine's Day treat disappears, it is up to Jigsaw and Mila to find out what happened.",Fiction,0.998826265335083,sadness,0.719601385486448,,
9781541035133,Lilith (1895). by George MacDonald,George MacDonald,"Lilith is a fantasy novel written by Scottish writer George MacDonald and first published in 1895. Its importance was recognized in its later revival in paperback by Ballantine Books as the fifth volume of the celebrated Ballantine Adult Fantasy series in September 1969.Lilith is considered among the darkest of MacDonald's works, and among the most profound. It is a story concerning the nature of life, death, and salvation. In the story, MacDonald mentions a cosmic sleep that heals tortured souls, preceding the salvation of all. MacDonald was a Christian universalist, believing that all will eventually be saved. However, in this story, divine punishment is not taken lightly, and salvation is hard-won.Mr. Vane, the protagonist of Lilith, owns a library that seems to be haunted by the former librarian, who looks much like a raven from the brief glimpses he catches of the wraith. After finally encountering the supposed ghost, the mysterious Mr. Raven, Vane learns that Raven had known his father; indeed, Vane's father had visited the strange parallel universe from which Raven comes and goes and now resides therein. Vane follows Raven into the world through a mirror (this symbolistic realm is described as ""the region of the seven dimensions"", a term taken from Jacob Boehme). Inside the world, Vane learns of a house of beds where the dreamers sleep until the end of the world in death: a good death, in which life is found. Vane's grandfather refused to sleep there and is, instead, forced to do battle with skeletons in a haunted wood. After a treacherous journey through a valley (where the moon is the only thing to keep him safe), Mr. Vane meets the Little Ones, children who never grow up, remaining pure children or becoming selfish and getting bigger and dumber, turning into ""bags"" or bad giants. After conversing with Lona, the eldest of the children, Mr. Vane decides to help them, and sets off to gather more information, although the Raven (who is also Adam) has warned Mr. Vane that he needs to sleep along with the dreamers before he can really help them. While on his journey, he meets Lilith, Adam's first wife and the princess of Bulika. Vane, although nearly blinded by Lilith's beauty and charms, eventually leads the Little Ones in a battle against Bulika. Lona, Vane's love, turns out to be Lilith's daughter, and is killed by her own mother. Lilith, however, is captured and brought to Adam and Eve at the house of death, where they struggle to make her open her hand, fused shut, in which she holds the water the Little Ones need to grow. Only when she gives it up can Lilith join the sleepers in blissful dreams, free of sin. After a long struggle, Lilith bids Adam cut her hand from her body; it is done, Lilith sleeps, and Vane is sent to bury the hand; water flows from the hole and washes the land over. Vane is then allowed to join the Little Ones, already asleep, in their dreaming. He takes his bed, next to Lona's, and finds true life in death....",Fiction,0.9965029954910278,sadness,0.8399729729803557,,
9780312932787,Faking It,Jennifer Crusie,"Matilda Goodnight and Davy Dempsy are both trying to get the upper hand with the gorgeous gold-digging Clea Lewis, but they will forge a temporary if reluctant alliance to take on an inept art collector, a disgruntled heir, an exasperated hitmat, and a seductive femme fatale as they deal with false identities, forged paintings, swindles, and love. 100,000 first printing.",Fiction,0.9994487166404724,neutral,0.9245927436201538,,
9789937589697.0,Representative anthology of contemporary Nepali poetry,Govinda Rāja Bhaṭṭarāī,"A Nepali literary work titled 'Representative anthology of contemporary Nepali poetry' by Govinda Rāja Bhaṭṭarāī, featuring the stories, culture and voice of Nepal.",Nepali Literature,0.999023973941803,joy,0.747345934619594,,
,Vāsudeva Luin̐ṭela euṭā jiun̐do mānche,Shesh Raj Shiwakoti,"On the life of Vāsudeva Śarmā Luin̐ṭela, Nepali writer; contributed articles.",Nepali Literature,0.994169056415558,joy,0.4724591089679241,,
9789993318033.0,Pārijātako jīvanakathā,Narendrarāja Prasāī,"Biography of Pārijāta, b. 1936, Nepali author.",Nepali Literature,0.9865325093269348,neutral,0.6991226239059927,,
,Ājako rāshtṛiya cintana,Bishweshwar Prasad Koirala,"A Nepali literary work titled 'Ājako rāshtṛiya cintana' by Bishweshwar Prasad Koirala, featuring the stories, culture and voice of Nepal.",Nepali Literature,0.996189296245575,joy,0.8374891118472547,,
,Mulukabhitrai bhauntāridā,Devīprasāda Vanavāsī.,Reminiscences about the early life of a Nepali author.,Nepali Literature,0.9904111623764038,sadness,0.3664017237047709,,
,Practical elementary Gurkhali for British officers,Charles Harry Campbell,"A Nepali literary work titled 'Practical elementary Gurkhali for British officers' by Charles Harry Campbell, featuring the stories, culture and voice of Nepal.",Nepali Literature,0.9927036762237548,joy,0.9268779815850228,,
,Sāhitya vimarśa,Ratna Dhoj Joshi,"Articles, chiefly about Nepali literature.",Nepali Literature,0.954677164554596,neutral,0.8538697815323063,,
,Mahākavi Devakoṭākā kavitā,Laxmi Prasad Devkota,"A Nepali literary work titled 'Mahākavi Devakoṭākā kavitā' by Laxmi Prasad Devkota, featuring the stories, culture and voice of Nepal.",Nepali Literature,0.9962190985679626,joy,0.8053929236536825,,
9789993324225.0,Samālocanāko svarūpa,Netra Eṭama,Articles on modern Nepali literature.,Nepali Literature,0.9919641613960266,neutral,0.8866627259466792,,
,Janarala Māthavara Siṃha Thāpā,Ḍambara Jaṅga Thāpā,"Narrative poem on Māthavara Siṃha Thāpā, 1798-1845, former General and prime minister of Nepal.",Nepali Literature,0.9958151578903198,neutral,0.6542968532647168,,
9789937880169.0,Briṭisa Gorkhā sainika sāhityako itihāsa,Puraṇa Rāī,History of Nepali literature by Gorkha soldiers in British Army.,Nepali Literature,0.9959954023361206,neutral,0.7020903190578142,,
,Come to Shanta Bhawan!,Alice Cobb,"A Nepali literary work titled 'Come to Shanta Bhawan!' by Alice Cobb, featuring the stories, culture and voice of Nepal.",Nepali Literature,0.9926342368125916,joy,0.857723293970616,,
9788182500921.0,Annapurna Poems,Yuyutsu Sharma,"A Nepali literary work titled 'Annapurna Poems' by Yuyutsu Sharma, featuring the stories, culture and voice of Nepal.",Nepali Literature,0.9961845874786376,joy,0.6627029412690149,,
,"Nepal, legend and drama",Jnan Kaji Manandhar,"A Nepali literary work titled 'Nepal, legend and drama' by Jnan Kaji Manandhar, featuring the stories, culture and voice of Nepal.",Nepali Literature,0.992965042591095,joy,0.6990571116397359,,
,Māyāvinī sarsī,Laxmi Prasad Devkota,"A Nepali literary work titled 'Māyāvinī sarsī' by Laxmi Prasad Devkota, featuring the stories, culture and voice of Nepal.",Nepali Literature,0.9965900182724,joy,0.7559542951705904,,
9789937264099.0,Kānunī Nepālī,"Upādhyāya, Yadu Nandana (Professor of Nepali language)","A Nepali literary work titled 'Kānunī Nepālī' by Upādhyāya, Yadu Nandana (Professor of Nepali language), featuring the stories, culture and voice of Nepal.",Nepali Literature,0.9959390163421632,joy,0.8947611536115688,,
9789747315141.0,Under the pipal tree,Adrian Storrs,"A Nepali literary work titled 'Under the pipal tree' by Adrian Storrs, featuring the stories, culture and voice of Nepal.",Nepali Literature,0.9933956265449524,joy,0.9177647619312408,,
9789937203500.0,Pārijātakā upanyāsamā samājavādī yathārthavāda,Bhavānīprasāda Pāṇḍe,"Social realism in the works of Pārijāta, b. 1936, Nepali fiction writer.",Nepali Literature,0.8010159134864807,joy,0.3672662055195895,,
,Bhāshā ra saṃskr̥ti,Gaṅgāprasāda Upretī,Collection of research articles on Nepali language and culture.,Nepali Literature,0.9919596314430236,neutral,0.6604319571667523,,
9789994658725.0,Sr̥shṭimāthiko dr̥shṭi,Kulaprasāda Koirālā,Articles on Nepali literature.,Nepali Literature,0.9853254556655884,neutral,0.8689154190162389,,
9789937265782.0,Mero jīvana yātrā,Kamala Jaṅgalī Ācārya,"Autobiography of Kamala Jaṅgalī Ācārya, born 1942, Nepali author and social worker from Nepal.",Nepali Literature,0.9933367371559144,neutral,0.6733867054413883,,
9780585427782.0,Popular Buddhist texts from Nepal,Todd Thornton Lewis,"A Nepali literary work titled 'Popular Buddhist texts from Nepal' by Todd Thornton Lewis, featuring the stories, culture and voice of Nepal.",Nepali Literature,0.987776815891266,joy,0.854969269834314,,
9789993340690.0,Samakālīna Nepālī nāṭaka,Aśesha Malla,Anthology of Nepali plays.,Nepali Literature,0.9934849739074708,neutral,0.9164084794689388,,
,Tatsama śabdako varṇavinyāsa,Vishṇu Luin̐ṭela,Words from Sanskrit with or without change used in Nepali language.,Nepali Literature,0.9950128793716432,neutral,0.9536164727493904,,
9789937299077.0,"Sāhityika paramparā, pratibhā ra sr̥janā",Devendra Aryāla Ām̐su,Compilations of literary writings of well known Nepali writers; includes brief profiles of the authors.,Nepali Literature,0.9927874803543092,neutral,0.7370002703194333,,
9789937505574.0,Jīvana mahābhiyāna,Madanamaṇi Dīkshita,Memoirs of a Nepali author.,Nepali Literature,0.9953717589378356,joy,0.606916088116915,,
,In search of the abominable snowman,Ralph Herrmanns,A timid Nepalese boy plans to gain courage by searching for the Abominable Snowman in the Himalayan Mountains. Illustrated with color photographs.,Nepali Literature,0.92527836561203,fear,0.9886763309751782,,
9789937245807.0,Antarrāshṭriya Nepālī ḍāyasporā prājñīka adhyayana,Gītā Khatrī; Homanātha Suvedī; Prakāśa Nepāla,"Contributed articles, chiefly on Nepali literature by Nepali authors settled in US.",Nepali Literature,0.9720086455345154,neutral,0.7107089556354986,,
,Nepālakā kehī utkr̥shṭa kathāharū,Kiśu Silvāla,"A Nepali literary work titled 'Nepālakā kehī utkr̥shṭa kathāharū' by Kiśu Silvāla, featuring the stories, culture and voice of Nepal.",Nepali Literature,0.9948649406433104,joy,0.8563963976084588,,
9783525851166.0,Über den Charakter der sprachgeschichtlichen Rekonstruktionen,Mikko Korhonen,"A Nepali literary work titled 'Über den Charakter der sprachgeschichtlichen Rekonstruktionen' by Mikko Korhonen, featuring the stories, culture and voice of Nepal.",Nepali Literature,0.9900302290916444,joy,0.5917311589995434,,
,"Svatantratā senānī Dharmaratna ""Yami""",Ratna Sundara Śākya,"Brief biography of Dharmaratna Yami, 1915-1975, Nepali author.",Nepali Literature,0.9824381470680236,neutral,0.8415474751730913,,
9789937689267.0,Mātr̥bhāshā divasa-2016,Shravaṇa Mukāruṅga; Padama Rāī,Anthology of poems published on the occasion of the International Mother Language Day-2016 in Nepal.,Nepali Literature,0.9983381032943726,joy,0.7106554562110727,,
,Kavitā/soca,Rājendra Parājulī,Includes brief views on contemporary Nepali poetry by individual poets.,Nepali Literature,0.997763991355896,neutral,0.8305435269822824,,
9789937248617.0,Kathā mīṭho sāraṅgīko bhalākusārī,Khagendra Lāmichāne,Collection of plays; broadcast as radio program; includes interviews with authors.,Nepali Literature,0.9967155456542968,neutral,0.521509876125197,,
,Pratinidhi Nepālī kathā ra ātmaṭippaṇī,Rājendra Parājulī,Short stories by various authors; includes self appraisal.,Nepali Literature,0.9180642366409302,neutral,0.5415582783743995,,
,The Way of Salvation in the Ramayan of Tulasi Das...,William Charles MacDougall,,Nepali Literature,0.4259431660175323,neutral,0.7908438915814575,,
,Āñcalikatā ani Nepālī kehī upanyāsaharu,Dila Śreshṭha,Regionalism in Indian Nepali novels; a study.,Nepali Literature,0.9884982705116272,neutral,0.8565630996756542,,
9781869680848,Coping with Cooking,Jayne Garner,"From our top-selling 'Essential Skills for Living' series, this photocopiable food resource has been specially developed for senior students with lower abilities. The activities offer students the opportunity to develop and rehearse the skills needed to shop and cook for themselves. Activites cover: budgeting and shopping for food; cooking simple nutritious meals; understanding food labelling; understanding and following recipes; understanding food terminology; how to store food; understanding weights and measures; setting up a kitchen; and much more.",Nonfiction,0.9443051218986512,neutral,0.7624698515329693,,
,The Commercial and Financial Chronicle,,,Nonfiction,0.9065567255020142,neutral,0.8934527024461285,,
9781934356562,"Hello, Android",Ed Burnette,"Provides information on the basics of Androd programming, covering such topics as designing the user interface, 2D graphics, multimedia, storing local data, SQL, OpenGL, and multi-touch.",Nonfiction,0.628208577632904,neutral,0.9829722717077232,,
,The Encyclopædia Britannica: Demijohn-Edward,,,Nonfiction,0.8008588552474976,neutral,0.8358774074272809,,
9781541078901,Bodybuilding,Daniel D'Apollonio,"Building the perfect Body With Simple Hints and Tips! Read on your PC, Mac, smart phone, tablet or Kindle device.This book has lots of amazing information on how to build the perfect body with simple hints and tips that will bring you dramatic results.Have you ever thought of getting that ""toned"" look that everybody is after? And what crosses your mind whenever you come across the term ""bodybuilding""? Perhaps images of huge, heavy muscled bare-chested men and lean bodied ladies flexing their pectorals, massive biceps and triceps amidst tumultuous applauses from a fiery audience is what comes to your mind! That's pretty fine; only that it is part of bodybuilding; the professional one! So what exactly is bodybuilding if the above is just part of it? Well, bodybuilding is the whole process you adapt to build your body from the ground up. And the good news is that adapting bodybuilding as your lifestyle will see you gain immense benefits ranging from fitness to personal health. Therefore, understand what bodybuilding entails; know how to practice bodybuilding safely and obtain dramatic results, train consistently, have quality exercises, check on your diet and maintain a positive attitude and see amazing transformation in your physique. This guide will help you demystify all your bodybuilding myths and give you some tips on adapting this exciting regimen. Here Is A Preview Of What You'll Learn... The Basics of Bodybuilding Bodybuilding: Why Bother? Your Body Type: Its Place In Bodybuilding Getting Started with Training Exercises Targeting Individual Muscle Groups Getting To The Next Level: Tips That Will Guarantee Massive Rapid Success And much, muchmore! Download your copy today!",Nonfiction,0.9800609350204468,neutral,0.7285761868246275,,
,Braille Book Review,,,Nonfiction,0.8041927218437195,neutral,0.7083540092280132,,
,Inaugural Speeches from the Presidents of the United States - Complete Edition,"Bill Clinton, Theodore Roosevelt, George Washington, Benjamin Harrison, Calvin Coolidge, William McKinley, James Madison, Grover Cleveland, Abraham Lincoln, Woodrow Wilson, Thomas Jefferson, James Buchanan, Herbert Hoover, Barack Obama, John Adams, Martin Van Buren, John Quincy Adams, James Monroe, Andrew Jackson, Zachary Taylor, Franklin Pierce, Harry S. Truman, Jimmy Carter, Ronald Reagan, George Bush, William Henry Harrison, Franklin D. Roosevelt, Ulysses S. Grant, Dwight D. Eisenhower, John F. Kennedy, Warren G. Harding, George W. Bush, Donald John Trump, Richard Milhous Nixon, William Howard Taft, Lyndon Baines Johnson, James A. Garfield, Rutherford B. Hayes, James Knox Polk","Inaugural Speeches from the Presidents of the United States - Complete Edition is a profound collection that encapsulates over two centuries of American political thought and presidential vision. This anthology presents the diverse rhetorical styles and philosophical principles of 40 presidents, from the timeless wisdom of Washington to the modern reflections of Obama. The collection thrives on its ability to traverse through contrasting literary expressions'Äîranging from the brevity and humility of Coolidge'Äôs addresses to the elaborate, idealistic visions portrayed in Kennedy'Äôs speeches'Äîilluminating the evolving ideals and challenges confronted by each administration. Together, these speeches offer an invaluable lens into the shifting dynamics of American democracy and its leaders' varied responses to the times. Contributors in this anthology belong to different eras and backgrounds, mirroring the rich tapestry of American history and governance. As luminaries of their respective times, each president brought with them unique experiences and perspectives'Äîfrom Roosevelt'Äôs Progressive Era reforms to Franklin D. Roosevelt'Äôs New Deal, and Reagan'Äôs call for resurgence. Bound by historical and cultural movements, the anthology provides a collective narrative that demonstrates how presidents endeavored to define their place and mission amid the ever-changing landscape of national and global affairs. This complete edition is an essential resource for students of history, politics, and literature, offering a rare opportunity to explore the breadth of American leadership philosophy and governance in a single volume. Readers are invited to engage deeply with the speeches, to uncover the educational valor and broad array of insights they deliver. This collection is sure to spark dialogue, incite reflection, and broaden one'Äôs appreciation for the complexities of leadership and the enduring principles that have shaped the United States.",Nonfiction,0.8611887097358704,neutral,0.7846182049495091,,
9780634041129,Michael W. Smith,Michael W. Smith,"(Piano Solo Personality). Our piano solo folio features all 12 tunes from the first instrumental CD by this multi-million-selling CCM artist. Recorded in Ireland and released in 2000, Freedom includes the songs: The Call * Carol Ann * Cry of the Heart * Free Man * Freedom * Freedom Battle * The Giving * Hibernia * Letter to Sarah * The Offering * Prayer for Taylor * Thy Word.",Nonfiction,0.3574361801147461,fear,0.3236184540243788,,
9780300206982,Sustainable Lifestyles and the Quest for Plenitude,"Juliet B. Schor, Craig J. Thompson","Many of today’s most troubling environmental and economic issues have come to seem insoluble: carbon emissions, overshoot, inequality, joblessness, and a dysfunctional food system. Can we change direction, move away from business as usual, and achieve a more sustainable, empowering, and humane economy? Through a fascinating array of illuminating case studies, this hope-filled book affirms that we can. In locations across the United States and around the globe, local participants are forging their own versions of small-scale, low-footprint, high-satisfaction lifestyles and communities. From raw-milk consumers and members of alternative agricultural initiatives to time bankers, artisan producers in the Aude region of France, and bicycle mechanics on the South Side of Chicago, individuals and small groups are exploring the practice of plenitude. Their efforts demonstrate how social and economic transformation happens and suggest new paths toward larger-scale change and a richer quality of life for all.",Nonfiction,0.5474772453308105,fear,0.5116370810115749,,
9780201068948,"Thermodynamics, Kinetic Theory, and Statistical Thermodynamics",Francis Weston Sears;Gerhard Ludwig Salinger,,Nonfiction,0.8229419589042664,neutral,0.9054633001104676,,
9781093259674,Create,Lunar Ink,"CREATE books are full of a 120 pages of a huge variety of 30 templates that are perfect for drawing Manga, Comics, Graphic Novels and more! This makes a perfect gift for kids, teens, and adults! 8 x 10 inches make it a convenient size High Quality matte cover Huge variety of templates! Plenty of space to create!",Nonfiction,0.9691354632377625,neutral,0.7286778950681234,,
,Railway Age,,,Nonfiction,0.9455695152282716,neutral,0.94843167004159,,
,Newsletter,,,Nonfiction,0.5719296336174011,fear,0.5014996949865883,,
9781455509102,So Good They Can't Ignore You,Cal Newport,"In this book with unique perspective, professor Cal Newport debunks the long-held belief that ""follow your passion"" is good advice, and sets out to discover the reality of how people end up loving their careers. A focus on passion over skill can be dangerous, leading to anxiety and chronic job hopping. Spending time with professionals who admit to deriving great satisfaction from their work, Newport uncovers the strategies they use and the pitfalls they avoid in developing their compelling careers. Cal reveals 4 Rules for falling in love with your job: #1: Don't follow your passion #2: Be so good they can't ignore you #3: Turn down a promotion #4: Think small, act big Cal Newport's manifesto is mandatory reading for anyone fretting about what to do with their life, or frustrated by their current job situation. So Good They Can't Ignore You provides an evidence-based blueprint for creating work you love, and will change the way you think about careers, happiness, and the crafting of a remarkable life.",Nonfiction,0.580744206905365,fear,0.9568353560227136,,
9780712666732,Ancient History,Moses I. Finley,"In this thoughtful and provocative study, M.I. Finley challenges the prevailing traditions of researching and writing about ancient civilizations. He questions, for example, the special status accorded to classic texts, exposes the false assumptions historians have made based on severely limited information, and presents the flaws inherent in conventional explanations of the Greek city-state. Emphasizing the need to ask the right questions in order to expand our understanding of life in the ancient world, the author suggests how historians might better deal with the evidence that is available, and offers alternative methods that can be used to reconstruct history.",Nonfiction,0.5202839374542236,neutral,0.8112462181040705,,
9781540531988,Team Building: Marketing: Sales,Ace McCloud,"Ready to be on a winning team? Do you wish you could make a great profit from your marketing? Are you tired of low sales and small paychecks? 3 Books in 1: An unbeatable combination of incredible team building techniques, professional marketing tactics and winning sales strategies! Whether you want to (1) build your own dream team, (2) make money with marketing, or (3) discover the world's best sales techniques, this book will teach you everything you need to know. Build the most effective teams you've ever seen! Create a team of leaders. Shape your team members into peak performers. Form a cooperative, healthy, and powerful team of individuals who are pulling together towards a common goal - to win in the most dominant ways possible! What Will You Learn About Team Building? The five core values of winning teams. How to be a great team leader. How to create a motivating and enthusiastic team environment. How to manage stress, aggression and conflicts in the team. The best ways to communicate with your team. Motivational strategies that will turn your team members into peak performers. How to set team goals that inspire confidence and boost enthusiasm. How to build a team that works well together and wins! How to recruit the right way to build your team of champions. Get stellar results from your marketing efforts! Profit from more than 100 powerful tactics, ideas and strategies for successful marketing. Discover how big companies successfully brand and market their products, then apply their strategies to your own business. What Will You Learn About Marketing? The best marketing strategies that give great results. How to utilize social media to promote yourself and make money. The best ways to promote your business. How to identify and target your ideal customers. The most effective ways to advertise your business. Step-by-step instructions for building your own personalized marketing strategy plan. Sales strategies for capitalizing on your marketing success. The primary key to successful branding. Marketing strategies used by the best in the world to dominate. Become a star closer and start making some real money! Sales can be fun! Instead of ""selling,"" you'll find ways to connect with your customers on their level and give them what they want. Leave outmoded methods behind and learn to tap into your customers' deepest desires. Grasp the keys to dissolving sales resistance so you can hear that sweet ""Yes!"" What Will You Discover About Sales? How to utilize trends to your advantage. How to ask the right questions to get the right results. How to utilize social media marketing to increase your sales. How to use body language and mirroring to maximize your sales potential. How to establish a trusting and lasting relationships with your customers. How to market your product for maximum effectiveness. How to turn rejection into reward. how to develop a sales plan that gets results. How to easily close more sales. Boost your business with soaring sales, masterful marketing, and powerful team development! Get the edge: Buy It Now!",Nonfiction,0.7777377963066101,neutral,0.7043241698911205,,
,General Laws of Massachusetts,Massachusetts,,Nonfiction,0.5954830050468445,neutral,0.8050751198836263,,
,Proceedings of the City Commission,Grand Rapids (Mich.). City Commission,,Nonfiction,0.9243253469467164,fear,0.3475480469560195,,
9780872864757,A Power Governments Cannot Suppress,Howard Zinn,"A Power Governments Cannot Suppress is Howard Zinn’s major new collection of essays on American history, class, immigration, justice, and ordinary citizens who have made a difference.",Nonfiction,0.9904835224151612,neutral,0.7541074475206475,,
,Government Employee Relations Report,,,Nonfiction,0.7824650406837463,neutral,0.7503603432733658,,
9781598633603,Beginning C++ Through Game Programming,"Michael Dawson, Mike Dawson","Describes the fundamentals of C++ programming and its relationship to games, with information on such topics as random number generation, game loops, and the standard template library.",Nonfiction,0.587348222732544,neutral,0.917988148346678,,
9781788286435,Victory in World War II,Nigel Cawthorne,"""Before Alamein we never won a battle, after Alamein we never lost one."" Winston Churchill Although this is an exaggeration, it is perhaps a pardonable one. The second battle of El Alamein in November 1942 was followed in April 1943 by the complete withdrawal of German troops from North Africa. Meanwhile, on the Eastern Front, the Red Army had entered the hell of Stalingrad and emerged victorious. In the Pacific, American troops had captured and held the strategically vital island of Guadalcanal, in the teeth of frantic Japanese counter-attacks. In Burma, the Chindits were continuing to harass the enemy while British forces regrouped in preparation for the recapture of the country. The tide of the war had begun inexorably to turn in favour of the Allies. Victory covers all fronts in detail as it charts the progress of the final years of World War II.",Nonfiction,0.9885393977165222,neutral,0.8705749961895125,,
,"New Hampshire Register, State Yearbook and Legislative Manual",,,Nonfiction,0.9710789918899536,neutral,0.9285459999051736,,
,Travel,,,Nonfiction,0.9189378023147584,neutral,0.936579047380822,,
9780071271264,Java Programming,"Ralph Bravaco, Shai Simonson",,Nonfiction,0.5477402806282043,neutral,0.9787272278763366,,
9780152057664,Frankenstein Makes a Sandwich,Adam Rex,"Stories in verse about the monster-sized problems Dracula, Wolfman, Bigfoot and other monsters have.",Nonfiction,0.9958946108818054,neutral,0.7842038331776816,,
9780887306297,Hard Drive,James Wallace;Jim Erickson,"Chronicles the career of ""Chairman Bill"" Gates, the computer whiz kid who commands the powerful Microsoft computer software empire.",Nonfiction,0.986910045146942,neutral,0.9196932159114408,,
9781468543315,Thinking About Starting a Business?,Gary Thomas,"Why should you go to the trouble of creating a written business plan? There are three major reasons: The process of putting a business plan together, including the thought you put in before beginning to write it, forces you to take an objective, critical unemotional look at your business project in its entirety. The finished product your business plan is and operating told which, properly used, will help you manage your business and work toward its success. The completed business plan is the means for communicating your ideas to others and provide the basis for your financing proposal. The importance of planning cannot be overemphasized. By taking an objective look at your business you can identify areas of weakness and strengths, pinpoint needs you might otherwise overlook, spot problems before they arise, and begin planning how you can best achieve your business goals. As an operating tool, your business plan helps you to establish reasonable objectives and figure out how to best accomplish them. It also helps you to red-flag problems as they arise and aids you to identifying their sources, thus suggesting ways to solve them. It may even help you avoid some problems altogether. This handbook has been designed with these considerations in mind. In order for it to work it is important that you do as much of the work as possible. A professionally prepared business plan wont do you any good if you dont understand it thoroughly. This understanding comes from being involved with its development from the very start. No business plan, no matter how carefully constructed and no matter how thoroughly understood, will be of any use at all unless you use it. Going into business is rough; over half of all new businesses fail within the first two years of operation and over 90 percent fail within the first 10 years. A major reason for failure is lack of planning. The best way to enhance your chances of success is to plan and follow through on your planning. Use your plan. Dont put it in the bottom drawer of your desk and forget it. Your business plan can help you avoid going into a business venture that is doomed to failure. If your proposed venture is marginal at best, the business plan will show you why and may help you avoid paying the high tuition of business failure. It is far cheaper not to begin an ill-fated business than to learn by experience what your business plan could have taught you at several hours of concentrated work. Finally, your business plan provides the information needed by others to evaluate your venture, especially if you need to seek outside financing. A thorough business automatically becomes a complete financing proposal which will meet the requirements of most lenders.",Nonfiction,0.641170084476471,neutral,0.7132827662025492,,
,Florida Administrative Weekly,,,Nonfiction,0.5130376815795898,neutral,0.8273770502998777,,
9781932429367,Think and Grow Rich Superset,Napoleon Hill,,Nonfiction,0.3483303785324096,neutral,0.8656275643724629,,
9781134012084,Collected Essays 1929 - 1968,,,Nonfiction,0.7721574306488037,neutral,0.8255655800737002,,
9781839626548,"Canine Genetics, Health and Medicine",,"The advances being made in veterinary medicine in the modern era are continuously pushing the boundaries of what is presently possible and available. From unraveling canine genetics and gene therapies to understanding the microbiome and the effects parasites have on canine health. Whilst many advances are being made with clinical diagnosis, surgeries, prosthetics, pharmaceuticals, and imaging techniques, preventative medicine is also at the forefront of technology. Our understanding of the medical issues, critical care, pharmaceutics, anatomy, pathology, genetics, and disease are all imperative in making advances in canine medicine. This book covers a diverse range of topics in canine health by highlighting recent and forthcoming canine medicine and health innovations and improvements.",Nonfiction,0.4352909624576568,neutral,0.8631197327051355,,
,Frida Kahlo,"Frida Kahlo, Helga Prignitz-Poda, Peter von Becker","The passionate life and work of the Mexican artist, comprehensively presented for the first time in paintings and photographs. Private photographs form among the possessions of her family and close friends afford the reader of this book some rare and unusual insights into Frida Kahlo's life and times. --Book Jacket.",Nonfiction,0.5791005492210388,joy,0.6586942382432094,,
9783319778396,Cloud Computing,"Naresh Kumar Sehgal, Pramod Chandra P. Bhatt","This book provides readers with an overview of Cloud Computing, starting with historical background on mainframe computers and early networking protocols, leading to current concerns such as hardware and systems security, performance, emerging areas of IoT, Edge Computing etc. Readers will benefit from the in-depth discussion of cloud computing usage and the underlying architecture, with focus on best practices for using a dynamic cloud infrastructure, cloud operations management and cloud security. The authors explain carefully the “why’s and how’s” of Cloud Computing, so engineers will find this book and invaluable introduction to the topic.",Nonfiction,0.7624399065971375,neutral,0.8793602542955821,,
,The Medical Times and Gazette,,,Nonfiction,0.932228147983551,neutral,0.8541741323331205,,
9781284066135,BOOK ALONE: PRACTICAL APPLICATIONS IN SPORTS NUTRITION 4E,"Heather Hedrick Fink, Alan E. Mikesky",.,Nonfiction,0.6325396299362183,neutral,0.9788406215070292,,
9780060554736,The Game,Neil Strauss,"Hidden somewhere, in nearly every major city in the world, is an underground seduction lair. And in these lairs, men trade the most devastatingly effective techniques ever invented to charm women. This is not fiction. These men really exist. They live together in houses known as Projects. And Neil Strauss, the bestselling author, spent two years living among them, using the pseudonym Style to protect his real-life identity. The result is one of the most explosive and controversial books of the year -- guaranteed to change the lives of men and transform the way women understand the opposite sex forever. On his journey from AFC (average frustrated chump) to PUA (pick-up artist) to PUG (pick-up guru), Strauss not only shares scores of original seduction techniques but also has unforgettable encounters with the likes of Tom Cruise, Britney Spears, Paris Hilton, Heidi Fleiss, and Courtney Love. And then things really start to get strange -- and passions lead to betrayals lead to violence. The Game is the story of one man's transformation from frog to prince -- to prisoner in the most unforgettable book of the year.",Nonfiction,0.803370475769043,neutral,0.6251522999486183,,
